{"mean": {"no replay": [[116.0874, "no replay", 0.0], [82.05579999999998, "no replay", 0.1111111111111111], [65.23360000000001, "no replay", 0.2222222222222222], [58.35900000000001, "no replay", 0.3333333333333333], [50.88399999999999, "no replay", 0.4444444444444444], [48.002799999999986, "no replay", 0.5555555555555556], [46.8618, "no replay", 0.6666666666666666], [46.0648, "no replay", 0.7777777777777777], [48.994, "no replay", 0.8888888888888888], [50.3522, "no replay", 1.0]], "backward replay": [[117.33040000000001, "backward replay", 0.0], [61.9416, "backward replay", 0.1111111111111111], [49.1516, "backward replay", 0.2222222222222222], [49.68200000000001, "backward replay", 0.3333333333333333], [51.96039999999998, "backward replay", 0.4444444444444444], [47.44740000000001, "backward replay", 0.5555555555555556], [50.356399999999994, "backward replay", 0.6666666666666666], [49.873999999999995, "backward replay", 0.7777777777777777], [58.7174, "backward replay", 0.8888888888888888], [58.08860000000001, "backward replay", 1.0]], "random replay": [[116.58, "random replay", 0.0], [68.4072, "random replay", 0.1111111111111111], [55.059000000000005, "random replay", 0.2222222222222222], [49.72440000000002, "random replay", 0.3333333333333333], [51.681599999999996, "random replay", 0.4444444444444444], [47.4016, "random replay", 0.5555555555555556], [55.30000000000001, "random replay", 0.6666666666666666], [49.377399999999994, "random replay", 0.7777777777777777], [58.345199999999984, "random replay", 0.8888888888888888], [67.23440000000001, "random replay", 1.0]]}, "std": {"no replay": [[15.052226587452102, "no replay", 0.0], [14.40629814907355, "no replay", 0.1111111111111111], [12.078030263250708, "no replay", 0.2222222222222222], [16.353276216098106, "no replay", 0.3333333333333333], [13.963339715125462, "no replay", 0.4444444444444444], [11.624340676356661, "no replay", 0.5555555555555556], [14.14917441973206, "no replay", 0.6666666666666666], [14.21516433109375, "no replay", 0.7777777777777777], [14.58121243244196, "no replay", 0.8888888888888888], [16.633376060198962, "no replay", 1.0]], "backward replay": [[14.312113325431712, "backward replay", 0.0], [35.65033830751119, "backward replay", 0.1111111111111111], [27.708538349036026, "backward replay", 0.2222222222222222], [28.13883387775691, "backward replay", 0.3333333333333333], [31.35100495741724, "backward replay", 0.4444444444444444], [22.38264714550091, "backward replay", 0.5555555555555556], [26.141606894756872, "backward replay", 0.6666666666666666], [26.42269532050052, "backward replay", 0.7777777777777777], [32.28816521947322, "backward replay", 0.8888888888888888], [31.164924033919927, "backward replay", 1.0]], "random replay": [[14.98347302864059, "random replay", 0.0], [37.45709583189812, "random replay", 0.1111111111111111], [27.781017457969387, "random replay", 0.2222222222222222], [24.203055935976348, "random replay", 0.3333333333333333], [27.81082590359373, "random replay", 0.4444444444444444], [23.191944753297427, "random replay", 0.5555555555555556], [31.78548247234891, "random replay", 0.6666666666666666], [24.137576126032208, "random replay", 0.7777777777777777], [35.8468715086826, "random replay", 0.8888888888888888], [43.14160331559318, "random replay", 1.0]]}, "stat": {"no replay": [[[106.16000000000001, 114.81, 125.08500000000001], "no replay", 0.0], [[70.87, 79.72, 92.165], "no replay", 0.1111111111111111], [[56.68000000000001, 63.61, 72.07499999999999], "no replay", 0.2222222222222222], [[46.845, 55.66, 68.375], "no replay", 0.3333333333333333], [[41.4, 47.47, 60.480000000000004], "no replay", 0.4444444444444444], [[38.62, 46.8, 54.77], "no replay", 0.5555555555555556], [[35.645, 46.06, 56.355000000000004], "no replay", 0.6666666666666666], [[36.555, 43.55, 52.82000000000001], "no replay", 0.7777777777777777], [[36.775000000000006, 48.13, 56.65], "no replay", 0.8888888888888888], [[39.05, 47.2, 59.26], "no replay", 1.0]], "backward replay": [[[108.64, 117.21000000000001, 125.32000000000001], "backward replay", 0.0], [[35.015, 51.09, 85.06], "backward replay", 0.1111111111111111], [[32.005, 43.010000000000005, 58.835], "backward replay", 0.2222222222222222], [[29.65, 43.96, 60.730000000000004], "backward replay", 0.3333333333333333], [[31.500000000000004, 42.67, 63.625], "backward replay", 0.4444444444444444], [[30.049999999999997, 42.34, 56.665000000000006], "backward replay", 0.5555555555555556], [[32.235, 43.28, 64.835], "backward replay", 0.6666666666666666], [[32.16, 42.51, 59.660000000000004], "backward replay", 0.7777777777777777], [[35.07, 48.91, 77.985], "backward replay", 0.8888888888888888], [[33.915, 51.24, 75.39999999999999], "backward replay", 1.0]], "random replay": [[[103.945, 114.33, 127.555], "random replay", 0.0], [[41.644999999999996, 61.99, 90.11], "random replay", 0.1111111111111111], [[34.025, 49.72, 70.92], "random replay", 0.2222222222222222], [[32.1, 41.46, 62.330000000000005], "random replay", 0.3333333333333333], [[30.270000000000003, 45.22, 67.635], "random replay", 0.4444444444444444], [[30.075, 42.57, 59.849999999999994], "random replay", 0.5555555555555556], [[33.485, 51.209999999999994, 70.05000000000001], "random replay", 0.6666666666666666], [[32.754999999999995, 42.78, 60.620000000000005], "random replay", 0.7777777777777777], [[34.050000000000004, 47.83, 68.465], "random replay", 0.8888888888888888], [[34.349999999999994, 58.010000000000005, 83.54499999999999], "random replay", 1.0]]}}