{"mean": {"no replay": [[121.8888, "no replay", 0.0], [79.2428, "no replay", 0.1111111111111111], [63.4076, "no replay", 0.2222222222222222], [49.93940000000001, "no replay", 0.3333333333333333], [45.0818, "no replay", 0.4444444444444444], [42.05619999999999, "no replay", 0.5555555555555556], [37.7172, "no replay", 0.6666666666666666], [36.8592, "no replay", 0.7777777777777777], [33.9364, "no replay", 0.8888888888888888], [34.2988, "no replay", 1.0]], "backward replay": [[121.9022, "backward replay", 0.0], [73.78219999999999, "backward replay", 0.1111111111111111], [42.9398, "backward replay", 0.2222222222222222], [38.372, "backward replay", 0.3333333333333333], [34.6786, "backward replay", 0.4444444444444444], [31.548200000000005, "backward replay", 0.5555555555555556], [30.512600000000006, "backward replay", 0.6666666666666666], [32.2356, "backward replay", 0.7777777777777777], [31.4478, "backward replay", 0.8888888888888888], [28.0546, "backward replay", 1.0]], "random replay": [[121.95519999999996, "random replay", 0.0], [69.01979999999999, "random replay", 0.1111111111111111], [42.8394, "random replay", 0.2222222222222222], [38.10040000000001, "random replay", 0.3333333333333333], [36.73480000000001, "random replay", 0.4444444444444444], [32.99999999999999, "random replay", 0.5555555555555556], [33.2596, "random replay", 0.6666666666666666], [29.829599999999996, "random replay", 0.7777777777777777], [34.5876, "random replay", 0.8888888888888888], [26.494600000000002, "random replay", 1.0]]}, "std": {"no replay": [[16.211010658191547, "no replay", 0.0], [13.127381161526467, "no replay", 0.1111111111111111], [14.317864304427529, "no replay", 0.2222222222222222], [16.16461084096985, "no replay", 0.3333333333333333], [15.741351173263366, "no replay", 0.4444444444444444], [13.299103938235838, "no replay", 0.5555555555555556], [13.756605691812208, "no replay", 0.6666666666666666], [13.683477897084497, "no replay", 0.7777777777777777], [12.274135205382088, "no replay", 0.8888888888888888], [12.56865014868343, "no replay", 1.0]], "backward replay": [[15.775351379921778, "backward replay", 0.0], [54.04744137477739, "backward replay", 0.1111111111111111], [27.111803111560103, "backward replay", 0.2222222222222222], [25.617615189552676, "backward replay", 0.3333333333333333], [19.707920895924055, "backward replay", 0.4444444444444444], [17.6593180151443, "backward replay", 0.5555555555555556], [17.79028783465855, "backward replay", 0.6666666666666666], [18.493866135559646, "backward replay", 0.7777777777777777], [17.000125151304033, "backward replay", 0.8888888888888888], [15.1141776766055, "backward replay", 1.0]], "random replay": [[14.878617978831231, "random replay", 0.0], [48.46835053888258, "random replay", 0.1111111111111111], [25.959885586034464, "random replay", 0.2222222222222222], [23.024023276569196, "random replay", 0.3333333333333333], [22.88375591899197, "random replay", 0.4444444444444444], [16.575022413257848, "random replay", 0.5555555555555556], [17.908080182978853, "random replay", 0.6666666666666666], [18.239142190355334, "random replay", 0.7777777777777777], [18.23333184692255, "random replay", 0.8888888888888888], [14.160416902054827, "random replay", 1.0]]}, "stat": {"no replay": [[[111.38, 119.96000000000001, 132.785], "no replay", 0.0], [[69.16, 77.52000000000001, 87.92500000000001], "no replay", 0.1111111111111111], [[53.0, 60.82, 73.25], "no replay", 0.2222222222222222], [[40.82, 47.14, 56.33], "no replay", 0.3333333333333333], [[33.84, 44.12, 55.015], "no replay", 0.4444444444444444], [[32.0, 40.57, 48.809999999999995], "no replay", 0.5555555555555556], [[28.0, 34.54, 46.455], "no replay", 0.6666666666666666], [[24.875, 35.75, 46.33], "no replay", 0.7777777777777777], [[26.105, 33.06, 39.285], "no replay", 0.8888888888888888], [[25.91, 31.549999999999997, 40.785], "no replay", 1.0]], "backward replay": [[[112.095, 122.85, 133.88], "backward replay", 0.0], [[31.854999999999997, 53.69, 105.445], "backward replay", 0.1111111111111111], [[22.095, 33.11, 53.935], "backward replay", 0.2222222222222222], [[20.42, 28.59, 53.145], "backward replay", 0.3333333333333333], [[19.07, 26.63, 45.055], "backward replay", 0.4444444444444444], [[18.475, 24.78, 41.915], "backward replay", 0.5555555555555556], [[17.51, 24.060000000000002, 37.315], "backward replay", 0.6666666666666666], [[19.215, 24.68, 45.095], "backward replay", 0.7777777777777777], [[17.99, 26.34, 43.115], "backward replay", 0.8888888888888888], [[17.04, 22.57, 35.125], "backward replay", 1.0]], "random replay": [[[111.53999999999999, 121.49000000000001, 131.485], "random replay", 0.0], [[27.065, 57.239999999999995, 107.195], "random replay", 0.1111111111111111], [[24.765, 33.19, 57.510000000000005], "random replay", 0.2222222222222222], [[19.005, 30.0, 52.705], "random replay", 0.3333333333333333], [[19.580000000000002, 28.939999999999998, 47.245], "random replay", 0.4444444444444444], [[19.74, 29.57, 41.02], "random replay", 0.5555555555555556], [[18.985, 28.54, 41.919999999999995], "random replay", 0.6666666666666666], [[16.795, 22.560000000000002, 38.35], "random replay", 0.7777777777777777], [[21.134999999999998, 28.21, 45.605], "random replay", 0.8888888888888888], [[15.944999999999999, 21.93, 32.075], "random replay", 1.0]]}}