{"mean": {"0": [117.1, 91.62, 66.88, 57.47, 51.46, 38.1, 38.3, 29.81, 23.65, 21.41, 15.75, 12.95, 12.29, 9.44, 9.38, 8.39, 8.57, 7.67, 7.44, 7.29, 7.23, 7.26, 7.19, 7.21, 521.39, 152.95, 79.15, 46.17, 33.98, 26.69, 19.74, 13.82, 11.31, 10.58, 9.66, 8.65, 8.58, 8.08, 7.37, 7.51, 7.03, 6.91, 6.82, 6.93, 6.93, 7.12, 6.89, 6.93, 6.91, 6.93], "1": [116.21, 12.82, 13.83, 13.39, 13.47, 12.78, 13.31, 13.02, 13.46, 13.3, 13.43, 12.59, 12.75, 12.97, 13.06, 13.1, 12.65, 12.44, 13.1, 13.61, 12.56, 13.56, 13.11, 13.07, 897.27, 18.33, 11.79, 11.46, 12.86, 11.88, 12.4, 11.82, 11.96, 10.69, 10.49, 10.14, 10.66, 10.66, 10.7, 11.53, 10.58, 11.14, 11.38, 10.98, 10.75, 10.42, 10.42, 10.84, 10.78, 10.14], "3": [116.81, 13.53, 14.15, 13.35, 13.6, 13.46, 13.45, 13.89, 13.25, 13.69, 13.8, 13.66, 13.24, 12.61, 13.51, 13.64, 13.52, 13.79, 13.24, 12.92, 13.88, 13.83, 13.6, 13.38, 600.5, 19.92, 18.38, 17.21, 13.34, 12.2, 11.27, 12.53, 11.47, 11.09, 10.29, 10.91, 10.93, 10.3, 10.45, 10.73, 10.03, 10.82, 11.95, 10.59, 10.53, 10.93, 9.99, 10.64, 10.09, 10.5]}, "std": {"0": [91.11097628716317, 84.0997954813209, 55.28621528012204, 42.1225485933603, 43.94938452356301, 33.103323096027694, 34.94381204161904, 26.147923435714734, 18.909984135371456, 17.878531818916223, 11.50945263685463, 10.345409610063777, 10.107714875282142, 5.327888887730297, 5.905556705341164, 5.416447175040113, 6.020390352792746, 2.5731498207449937, 1.8725383841192689, 1.2352732491234484, 1.1476497723608885, 1.1456002793295745, 1.0741973747873341, 1.0797684937059424, 470.8789843473587, 201.17501708711248, 131.87959470668693, 63.85578360649879, 54.71836620367972, 34.26884736900265, 35.948190496880365, 15.365793178355615, 9.603848187055021, 8.271855898164569, 7.610808104268564, 5.0643360867936105, 6.119117583442893, 5.8097848497168965, 3.401925925119473, 4.220177721376195, 2.0320187007013497, 1.9292226413765743, 1.6575886099994779, 1.8507025692963195, 2.040857662846677, 2.3969981226525823, 1.7486852203870202, 2.21022623276442, 1.7893853693377522, 1.7902793078176371], "1": [85.90067461900402, 4.8587652752525505, 7.363497810144308, 5.172803881842033, 5.793884707171866, 4.926621560461083, 5.816691499469438, 5.306561975516728, 5.229569771979334, 5.616938667993447, 6.00209130220459, 4.345330827451462, 5.37098687393667, 5.402693772554577, 4.623461906407361, 5.7887822553625226, 4.592112803492527, 4.710244155030609, 5.191338940966965, 6.6826566573481845, 5.242747371369329, 6.181132582302373, 5.498899889977993, 5.968676570228949, 949.3586451389172, 31.077018840294187, 10.53688284076463, 7.161592001782843, 10.938939619542653, 7.996599277192773, 11.791522378386935, 12.104032385944777, 10.558333201788995, 7.9469428084012295, 5.89320795492574, 5.435108094601249, 6.412830888149163, 5.346438066600977, 5.69473440996154, 7.587430395067885, 5.853511766452683, 6.474596512524932, 6.856792252941605, 6.406215731615663, 6.071861329114821, 5.2022687358497715, 6.1500894302440825, 7.959547725844729, 6.7462285760267555, 5.885609569110069], "3": [89.20288055886984, 5.985741391005795, 6.845984224346417, 5.316718913013928, 6.42339474110069, 5.800724092731871, 4.852576635149617, 5.4219830320649285, 5.607807058021879, 6.506450645321149, 7.903163923391693, 6.630565586735419, 5.4993090475076984, 4.830931587178606, 6.556668361294475, 5.43418807182821, 5.3599999999999985, 5.5557087756649, 5.002239498464662, 4.719491498032388, 6.851685923916826, 6.896455611399235, 5.473572873361604, 5.852828376093049, 711.6331147438264, 31.2460173462155, 42.86461944307916, 29.458545449495634, 14.46320849604264, 8.88706925819755, 6.146307834789924, 12.843251146029967, 8.867305114858741, 7.076856646845404, 5.541290463420953, 6.77066466456581, 7.665839810483909, 5.301886456724624, 5.1310330343898585, 6.6285066191413, 4.548527234171518, 7.077259356558865, 11.428363837400353, 5.901008388402782, 7.0872491137252975, 6.570015220682522, 4.994987487471816, 5.726290247621055, 5.177055147475251, 5.722761571129799]}, "stat": {"0": [[44.75, 41.0, 29.0, 28.75, 25.5, 18.0, 14.0, 12.0, 11.0, 9.0, 7.0, 7.0, 7.0, 6.0, 6.0, 6.0, 6.0, 6.0, 6.0, 6.0, 6.0, 6.0, 6.0, 6.0, 206.5, 32.0, 13.75, 9.75, 9.0, 8.0, 8.0, 6.0, 6.0, 6.0, 6.0, 6.0, 6.0, 6.0, 6.0, 6.0, 6.0, 6.0, 6.0, 6.0, 6.0, 6.0, 6.0, 6.0, 6.0, 6.0], [91.0, 61.5, 53.0, 47.5, 43.0, 27.5, 27.0, 22.0, 17.5, 14.0, 11.0, 8.0, 8.0, 8.0, 7.0, 7.0, 7.0, 7.0, 7.0, 7.0, 7.0, 7.0, 7.0, 7.0, 354.0, 79.5, 33.0, 20.0, 17.0, 14.0, 12.0, 9.0, 8.0, 7.0, 7.0, 7.0, 7.0, 7.0, 7.0, 7.0, 7.0, 7.0, 7.0, 7.0, 7.0, 7.0, 7.0, 7.0, 7.0, 7.0], [155.75, 114.75, 83.25, 70.25, 69.0, 44.25, 46.0, 37.0, 31.0, 25.25, 18.25, 12.0, 14.0, 10.0, 9.0, 8.0, 8.0, 8.0, 8.0, 8.0, 8.0, 8.0, 8.0, 8.0, 666.5, 205.5, 74.0, 46.0, 39.5, 29.5, 21.25, 15.0, 12.0, 13.25, 10.0, 9.0, 8.0, 8.0, 8.0, 7.25, 8.0, 7.0, 7.0, 8.0, 7.0, 7.0, 7.0, 7.25, 7.0, 7.25]], "1": [[51.75, 9.0, 9.0, 9.75, 9.0, 9.0, 9.0, 9.0, 10.0, 8.75, 9.0, 9.75, 9.0, 9.0, 10.0, 9.0, 9.0, 9.0, 9.0, 9.0, 9.0, 9.0, 9.0, 9.0, 146.75, 8.0, 7.0, 7.0, 7.0, 7.0, 7.0, 6.0, 6.75, 7.0, 7.0, 7.0, 7.0, 7.0, 7.0, 7.0, 7.0, 7.0, 7.0, 7.0, 7.0, 7.0, 6.75, 7.0, 6.0, 7.0], [87.5, 12.0, 12.0, 12.0, 12.0, 12.0, 12.0, 12.0, 12.0, 12.0, 12.0, 12.0, 11.0, 12.0, 12.0, 11.0, 12.0, 12.0, 12.5, 12.0, 12.0, 12.0, 12.0, 12.0, 490.5, 11.0, 9.0, 10.0, 9.0, 9.5, 9.0, 8.0, 10.0, 9.0, 8.0, 8.0, 9.0, 9.0, 8.0, 9.0, 9.0, 9.0, 9.0, 9.0, 9.0, 9.0, 9.0, 8.0, 8.0, 9.0], [148.5, 15.0, 16.0, 16.25, 17.0, 16.0, 15.0, 15.0, 16.0, 16.25, 17.0, 15.0, 15.25, 15.0, 15.0, 17.0, 15.0, 15.0, 15.0, 16.0, 14.0, 17.0, 16.0, 15.25, 1396.25, 18.25, 13.0, 13.25, 14.0, 14.0, 12.25, 13.0, 13.0, 11.0, 12.0, 12.0, 12.0, 13.0, 12.25, 14.0, 13.0, 12.25, 14.0, 12.25, 12.0, 13.25, 12.0, 12.0, 12.0, 11.0]], "3": [[48.75, 9.0, 10.0, 9.0, 10.0, 10.0, 10.0, 10.0, 10.0, 9.0, 9.0, 9.75, 10.0, 9.0, 9.0, 10.0, 10.0, 9.75, 9.0, 9.0, 10.0, 9.75, 9.0, 9.0, 122.0, 7.0, 7.0, 7.0, 7.0, 7.0, 7.0, 7.0, 7.0, 7.0, 7.0, 7.0, 7.0, 7.0, 7.0, 6.0, 7.0, 6.0, 6.0, 7.0, 7.0, 6.0, 7.0, 7.0, 6.75, 7.0], [94.0, 12.0, 12.0, 12.0, 12.0, 12.0, 12.0, 12.0, 12.0, 11.0, 12.0, 12.0, 12.0, 11.0, 12.0, 12.0, 12.0, 12.0, 12.0, 11.0, 12.0, 12.0, 12.0, 12.0, 304.5, 11.0, 9.0, 9.5, 9.5, 9.0, 9.0, 9.0, 9.0, 8.0, 8.5, 8.0, 8.0, 9.0, 9.0, 8.0, 8.5, 8.0, 8.5, 8.0, 8.0, 8.0, 8.0, 8.0, 8.5, 8.0], [163.25, 15.0, 16.0, 16.25, 15.25, 15.0, 16.0, 17.0, 15.0, 16.25, 15.0, 15.0, 15.0, 14.0, 15.0, 16.0, 16.0, 16.0, 16.0, 16.0, 16.25, 16.0, 16.0, 16.0, 845.25, 18.0, 15.0, 14.0, 13.0, 14.0, 12.25, 13.0, 14.0, 13.0, 12.0, 12.0, 12.0, 12.0, 13.0, 12.25, 11.0, 12.0, 13.0, 12.0, 12.0, 14.25, 11.25, 13.25, 12.0, 13.0]]}}