{"mean": {"0": [110.55, 86.29, 72.91, 51.23, 55.05, 42.78, 43.32, 37.0, 31.35, 24.91, 24.55, 23.97, 24.13, 19.41, 19.08, 19.88, 17.52, 18.55, 16.96, 14.22, 14.67, 15.16, 14.01, 13.37, 604.75, 188.38, 117.05, 76.37, 57.83, 41.94, 44.37, 26.13, 25.07, 24.99, 28.54, 21.69, 16.97, 16.56, 17.48, 16.55, 22.33, 14.7, 14.02, 23.18, 14.1, 11.71, 15.35, 15.48, 17.3, 16.12], "1": [108.2, 63.38, 51.96, 42.26, 41.0, 58.67, 32.9, 40.25, 39.96, 48.24, 46.83, 47.78, 31.91, 38.61, 28.89, 32.43, 27.7, 29.56, 28.14, 27.35, 33.07, 26.71, 27.68, 27.81, 461.42, 109.15, 50.98, 45.09, 35.57, 32.58, 48.98, 63.76, 50.51, 31.33, 34.61, 26.12, 48.72, 30.99, 23.79, 25.78, 28.96, 24.1, 36.97, 34.02, 23.01, 26.41, 25.72, 29.25, 23.35, 31.29], "3": [125.97, 77.52, 75.11, 50.44, 42.34, 50.46, 46.62, 39.31, 38.75, 33.48, 29.52, 28.0, 29.92, 29.37, 37.5, 32.65, 29.06, 34.95, 27.69, 31.7, 37.54, 33.11, 26.18, 26.79, 658.94, 93.34, 68.82, 34.75, 63.26, 61.51, 57.98, 34.66, 35.66, 34.49, 43.21, 30.5, 52.9, 44.53, 25.34, 25.65, 34.97, 37.84, 30.73, 34.23, 40.77, 29.71, 28.37, 42.99, 31.12, 27.83]}, "std": {"0": [71.81551016319524, 75.42430576412355, 61.17108712455582, 37.228981989842275, 42.804526629785315, 34.246337030403694, 37.45153668409349, 28.849610049357686, 25.031330368160624, 16.8991686186037, 17.458164279213328, 15.931387259118395, 16.007282717563275, 11.292559497297326, 12.979738055908525, 20.83712072240309, 16.392364075995864, 15.696098241282773, 12.626891937448423, 8.480070754421803, 12.196765964795752, 10.7737829939163, 10.80045832360831, 9.696035272213072, 446.6338629123412, 241.42070250912616, 156.1012091561113, 89.54950083612974, 75.28586255068078, 52.952208641377744, 91.92569336154065, 22.47427640659427, 28.33416841906606, 32.93736328244871, 68.65295623642146, 23.131664445084787, 12.356743098405827, 12.61770185097112, 17.491415037097482, 17.788409147531997, 67.67201120108666, 22.317481936813564, 11.41838867791774, 61.55312827143719, 11.969544686411423, 8.308182713445825, 20.356510015226092, 25.179944400256332, 45.58804667892671, 29.403836484377326], "1": [90.8780501551392, 180.00809870669707, 98.83763655612168, 78.00866874905633, 88.91389092824585, 137.40706350111702, 46.83321470922105, 58.63861782136411, 58.89158174136606, 78.17661031280393, 82.19392374135691, 85.36950040851823, 32.13132272409588, 69.74337172807175, 28.52258578740715, 40.163728661567255, 29.818618344920004, 35.960066740761214, 34.0631824702273, 27.921452326123724, 108.09803467223632, 31.805123801048158, 32.96327653616976, 32.35790320771728, 543.5058634458323, 226.55672027110555, 77.44262133993139, 71.95777859272756, 62.15710015758457, 54.81645373425757, 125.63996020375048, 165.47145494011951, 122.32714294055916, 49.31958130398108, 58.828206669930026, 38.69710066658741, 127.36522916400692, 35.88690429669296, 27.28636839156138, 36.48275757121438, 51.544334315228085, 51.28791280604037, 67.0043961244335, 112.86460738424601, 39.07620631535258, 38.94331649975385, 43.02233838368156, 47.64165719199952, 24.055924426219836, 59.28579846809858], "3": [95.5168524397658, 141.2771375700966, 138.75517251619846, 75.25454404884795, 52.70506996485252, 106.29124328936976, 89.87054912483843, 66.97248614169852, 43.95096699732555, 45.71837267445113, 37.276394675451115, 25.74218327958994, 48.517971927936145, 30.84077009414648, 50.992254313768086, 38.53397851247648, 31.766592514778786, 68.19594929319481, 37.19104596539334, 60.31608409039831, 111.4512826305736, 41.49479364932424, 20.466255153300516, 22.19607848247073, 716.0599530765563, 224.92017339491807, 169.42115452327673, 41.25442400519004, 127.01453617598266, 201.27640174645416, 204.97204589894693, 54.897581003173535, 67.17830304495642, 40.01462107780105, 97.9140740649678, 39.189667005474796, 114.76676348141913, 95.07864691927415, 33.424607701512365, 43.01008602641941, 75.38440886549418, 123.48924811496747, 45.67140352561983, 63.505882404703264, 81.39101363172716, 40.03830540869582, 47.892933716781215, 162.7156719557155, 64.53917879861812, 52.98906585324939]}, "stat": {"0": [[55.0, 30.75, 29.75, 22.75, 24.75, 22.0, 18.0, 20.0, 16.0, 14.0, 13.0, 13.0, 13.0, 12.0, 10.0, 9.0, 10.0, 9.0, 9.0, 8.0, 8.0, 8.0, 8.0, 8.0, 283.75, 35.0, 29.25, 16.75, 14.75, 15.0, 13.0, 10.0, 10.0, 9.75, 8.0, 9.0, 9.0, 8.0, 8.0, 8.0, 8.0, 7.75, 7.0, 8.0, 7.0, 7.0, 7.0, 7.0, 7.75, 7.0], [100.0, 70.0, 50.5, 42.0, 40.0, 33.0, 31.5, 29.0, 24.0, 21.0, 19.0, 19.5, 17.0, 16.0, 16.0, 13.0, 13.0, 12.0, 14.0, 11.0, 11.0, 12.0, 10.0, 10.0, 503.5, 100.5, 61.0, 44.0, 35.5, 23.0, 21.5, 17.5, 18.0, 14.0, 14.0, 12.0, 13.0, 12.5, 12.0, 11.0, 10.5, 11.0, 10.0, 12.0, 10.5, 9.0, 9.5, 9.5, 9.5, 9.0], [148.0, 110.75, 96.25, 66.25, 70.0, 52.25, 51.0, 45.5, 35.0, 30.25, 30.0, 29.0, 33.25, 23.0, 22.0, 23.0, 20.0, 25.25, 20.0, 17.0, 15.25, 18.0, 15.0, 14.25, 937.0, 223.5, 130.25, 100.25, 64.0, 44.5, 40.5, 31.75, 29.25, 24.0, 29.25, 23.25, 19.0, 19.25, 21.0, 18.0, 15.25, 15.0, 15.25, 19.25, 17.0, 13.25, 13.25, 14.0, 13.25, 15.25]], "1": [[46.75, 13.0, 14.0, 13.0, 13.0, 15.0, 13.0, 14.0, 15.75, 14.75, 15.75, 13.0, 15.0, 15.75, 13.0, 16.75, 12.75, 13.0, 12.0, 12.0, 12.0, 12.0, 12.0, 12.0, 114.0, 12.0, 10.0, 10.75, 10.0, 9.0, 8.0, 9.0, 8.0, 8.0, 9.0, 9.0, 9.0, 9.0, 8.0, 8.0, 9.0, 7.0, 8.0, 8.0, 8.0, 8.0, 8.0, 8.0, 8.0, 8.75], [83.5, 21.0, 24.0, 19.0, 22.5, 22.0, 18.0, 23.5, 23.0, 20.5, 24.0, 21.5, 23.0, 21.0, 19.0, 22.0, 18.0, 19.5, 18.0, 19.5, 17.5, 18.0, 18.0, 18.5, 266.0, 27.0, 20.5, 17.5, 14.0, 15.0, 16.0, 16.0, 15.0, 14.0, 15.0, 15.0, 16.0, 17.5, 13.0, 13.0, 13.5, 13.0, 15.0, 12.0, 11.0, 12.0, 13.0, 14.0, 12.5, 15.0], [131.75, 50.25, 52.5, 36.25, 40.0, 44.0, 31.0, 36.25, 39.0, 41.25, 41.5, 38.25, 36.0, 33.0, 30.25, 33.0, 31.0, 28.0, 32.0, 31.25, 27.0, 30.0, 28.25, 31.0, 561.25, 72.25, 47.0, 44.25, 30.0, 31.5, 29.5, 41.0, 33.25, 31.0, 28.75, 27.0, 31.25, 37.0, 29.25, 25.25, 32.25, 22.5, 31.75, 21.25, 26.25, 23.25, 26.0, 25.0, 29.25, 29.5]], "3": [[51.75, 15.0, 14.0, 16.0, 14.0, 14.0, 13.0, 15.0, 15.0, 14.0, 14.0, 12.0, 12.0, 13.0, 14.0, 14.0, 14.0, 12.0, 12.0, 12.0, 14.0, 13.75, 13.0, 12.0, 161.0, 15.0, 12.0, 10.0, 10.0, 9.75, 11.0, 10.0, 11.0, 11.0, 9.0, 8.0, 9.0, 9.75, 9.0, 9.75, 8.0, 8.0, 8.0, 9.0, 9.0, 11.0, 10.0, 8.0, 9.0, 9.0], [94.0, 25.0, 25.0, 25.5, 23.5, 24.5, 23.0, 25.5, 22.5, 20.5, 20.0, 18.5, 17.0, 20.5, 20.5, 22.5, 19.0, 18.5, 18.0, 17.5, 20.0, 19.5, 18.5, 20.5, 372.0, 31.0, 21.5, 18.0, 18.0, 16.0, 20.5, 16.5, 17.5, 19.0, 14.5, 17.5, 16.5, 17.0, 15.0, 13.0, 14.0, 15.0, 14.0, 17.0, 16.0, 17.5, 16.0, 17.0, 13.5, 14.0], [187.25, 59.75, 75.5, 43.5, 52.25, 42.25, 47.5, 43.25, 38.0, 34.25, 30.25, 32.25, 28.0, 30.25, 34.25, 32.0, 28.0, 37.5, 29.5, 28.5, 28.25, 32.25, 33.0, 30.25, 882.5, 74.5, 52.5, 43.0, 56.25, 36.0, 33.5, 28.75, 32.0, 37.5, 29.0, 32.25, 50.75, 30.25, 27.0, 22.0, 25.5, 28.5, 29.0, 32.5, 30.25, 32.0, 27.25, 29.0, 22.5, 23.5]]}}